User_ID,Product_ID,Gender,Age,Occupation,City_Category,Stay_In_Current_City_Years,Marital_Status,Product_Category_1,Product_Category_2,Product_Category_3
1000004,P00128942,M,46-50,7,B,2,1,1,11,
1000009,P00113442,M,26-35,17,C,0,0,3,5,
1000010,P00288442,F,36-45,1,B,4+,1,5,14,
1000010,P00145342,F,36-45,1,B,4+,1,4,9,
1000011,P00053842,F,26-35,1,C,1,0,4,5,12
1000013,P00350442,M,46-50,1,C,3,1,2,3,15
1000013,P00155442,M,46-50,1,C,3,1,1,11,15
1000013,P0094542,M,46-50,1,C,3,1,2,4,9
1000015,P00161842,M,26-35,7,A,1,0,10,13,16
1000022,P00067942,M,18-25,15,A,4+,0,5,14,
1000026,P00046742,M,26-35,7,B,2,1,1,2,15
1000026,P00040042,M,26-35,7,B,2,1,5,,
1000026,P00196542,M,26-35,7,B,2,1,5,8,14
1000026,P00004542,M,26-35,7,B,2,1,5,8,
1000028,P00159542,F,26-35,1,C,2,1,10,15,16
1000029,P00111542,M,36-45,7,C,1,0,2,17,
1000033,P00121042,M,46-50,3,A,1,1,15,,
1000033,P00344442,M,46-50,3,A,1,1,5,8,14
1000034,P00265242,F,18-25,0,A,0,0,5,8,
1000035,P0096642,M,46-50,1,C,4+,1,2,3,4
1000036,P00303042,M,26-35,3,B,0,0,5,,
1000036,P00059642,M,26-35,3,B,0,0,1,2,3
1000042,P00030842,M,26-35,8,C,0,1,1,2,15
1000045,P00346442,F,46-50,16,A,1,1,1,2,14
1000045,P00357242,F,46-50,16,A,1,1,5,,
1000045,P00284742,F,46-50,16,A,1,1,5,12,
1000048,P00110842,M,26-35,4,B,3,1,1,2,5
1000048,P00251642,M,26-35,4,B,3,1,1,2,4
1000053,P00136742,M,26-35,0,B,1,0,1,14,16
1000053,P0097342,M,26-35,0,B,1,0,1,15,16
1000053,P00168242,M,26-35,0,B,1,0,5,16,
1000053,P00354342,M,26-35,0,B,1,0,5,11,
1000053,P00105042,M,26-35,0,B,1,0,5,9,
1000059,P00177442,F,51-55,1,B,4+,1,1,6,8
1000062,P00119242,F,36-45,3,A,1,0,18,,
1000063,P00260242,M,18-25,4,C,2,0,5,16,
1000063,P00113642,M,18-25,4,C,2,0,8,,
1000065,P00000142,M,36-45,12,C,2,1,3,4,5
1000068,P00216342,M,18-25,4,A,0,0,3,4,5
1000069,P00157542,F,26-35,1,A,1,0,8,14,
1000073,P00112642,M,18-25,4,A,4+,0,1,2,5
1000078,P0095842,F,46-50,1,C,0,1,3,4,12
1000080,P00112142,M,55+,1,C,3,1,1,2,14
1000081,P00109142,F,26-35,0,A,1,1,8,17,
1000081,P00120342,F,26-35,0,A,1,1,5,17,
1000082,P00014542,M,26-35,17,C,2,1,8,,
1000090,P00117542,M,55+,13,C,1,0,18,,
1000092,P00220442,F,18-25,4,B,1,0,5,14,
1000092,P00171542,F,18-25,4,B,1,0,2,5,14
1000094,P00178242,M,26-35,17,C,1,0,8,,
1000096,P00293342,F,26-35,16,C,2,1,8,,
1000097,P00117842,F,36-45,3,C,3,0,5,13,16
1000098,P00327542,F,36-45,7,C,2,1,5,,
1000100,P00110842,M,36-45,17,C,4+,0,1,2,5
1000100,P00193542,M,36-45,17,C,4+,0,1,2,
1000100,P00243942,M,36-45,17,C,4+,0,1,2,15
1000103,P00148542,M,46-50,7,B,2,1,1,16,17
1000107,P00089042,M,46-50,18,C,4+,0,13,,
1000116,P00267542,M,26-35,17,C,2,1,1,16,
1000117,P00147742,M,26-35,17,A,2,1,1,16,
1000117,P00223542,M,26-35,17,A,2,1,1,8,17
1000117,P00185442,M,26-35,17,A,2,1,15,,
1000120,P00110542,M,26-35,11,C,0,0,8,,
1000123,P00014042,M,36-45,9,B,4+,1,1,,
1000123,P00177442,M,36-45,9,B,4+,1,1,6,8
1000123,P00295342,M,36-45,9,B,4+,1,2,8,
1000123,P00266542,M,36-45,9,B,4+,1,2,16,
1000129,P00089242,M,26-35,11,C,2,0,2,5,
1000130,P00312742,M,36-45,17,B,3,1,15,,
1000130,P00286742,M,36-45,17,B,3,1,1,16,
1000131,P00210942,M,18-25,4,C,4+,0,5,12,
1000132,P00192842,M,26-35,17,C,1,0,5,14,
1000134,P00138542,M,26-35,0,C,3,1,5,6,
1000134,P00047242,M,26-35,0,C,3,1,1,5,
1000136,P00148642,M,18-25,2,B,3,0,6,10,13
1000139,P00150542,F,26-35,20,C,2,0,5,,
1000139,P00201442,F,26-35,20,C,2,0,1,6,8
1000146,P00124342,F,36-45,20,B,3,1,11,,
1000147,P00165642,M,18-25,4,B,4+,0,1,8,16
1000147,P00305142,M,18-25,4,B,4+,0,1,,
1000148,P00359242,M,51-55,17,B,3,1,1,5,17
1000148,P00084842,M,51-55,17,B,3,1,8,16,
1000150,P00336942,M,36-45,7,B,0,1,5,,
1000151,P00144242,F,26-35,20,A,1,1,5,14,
1000151,P00015142,F,26-35,20,A,1,1,5,,
1000157,P00223542,M,36-45,16,A,1,0,1,8,17
1000157,P00115442,M,36-45,16,A,1,0,8,,
1000157,P00129842,M,36-45,16,A,1,0,6,8,15
1000157,P00287342,M,36-45,16,A,1,0,5,,
1000157,P00115942,M,36-45,16,A,1,0,8,17,
1000158,P00086342,M,55+,7,C,2,1,8,,
1000161,P00014942,M,46-50,16,C,4+,1,8,,
1000161,P00101542,M,46-50,16,C,4+,1,13,16,
1000161,P00184942,M,46-50,16,C,4+,1,1,8,17
1000163,P00211142,M,18-25,4,A,1,0,5,,
1000163,P00198642,M,18-25,4,A,1,0,8,14,
1000163,P00303442,M,18-25,4,A,1,0,1,8,14
1000165,P00346142,M,18-25,16,A,1,0,1,15,
1000166,P00086442,M,18-25,4,B,1,1,8,13,15
1000166,P00133442,M,18-25,4,B,1,1,1,16,
1000169,P00175842,M,26-35,7,B,3,0,5,,
1000169,P00277842,M,26-35,7,B,3,0,1,,
1000169,P00198742,M,26-35,7,B,3,0,1,2,11
1000169,P00367042,M,26-35,7,B,3,0,8,,
1000173,P00100042,M,26-35,0,B,1,1,6,10,
1000173,P00348942,M,26-35,0,B,1,1,8,13,
1000173,P00309242,M,26-35,0,B,1,1,5,8,
1000173,P00029842,M,26-35,0,B,1,1,8,,
1000175,P00324942,F,26-35,2,B,1,0,5,,
1000175,P00084142,F,26-35,2,B,1,0,5,12,
1000175,P00331242,F,26-35,2,B,1,0,12,17,
1000175,P00182442,F,26-35,2,B,1,0,5,11,
1000181,P00222842,M,18-25,17,C,1,0,8,,
1000187,P00001742,F,46-50,1,B,1,0,8,14,
1000187,P00137442,F,46-50,1,B,1,0,8,12,
1000187,P00029342,F,46-50,1,B,1,0,8,14,
1000191,P00234542,M,18-25,4,C,1,1,5,,
1000192,P00005042,M,18-25,1,B,2,0,6,16,
1000192,P00157142,M,18-25,1,B,2,0,11,16,
1000193,P00310842,F,46-50,15,C,1,1,6,8,10
1000195,P00154742,M,26-35,12,B,4+,1,8,14,16
1000195,P00231942,M,26-35,12,B,4+,1,11,,
1000195,P00280842,M,26-35,12,B,4+,1,1,8,
1000195,P00070042,M,26-35,12,B,4+,1,1,2,16
1000198,P00084142,M,26-35,12,A,0,1,5,12,
1000198,P00258842,M,26-35,12,A,0,1,5,,
1000202,P00190142,M,18-25,4,A,3,0,3,4,5
1000202,P00113042,M,18-25,4,A,3,0,11,16,
1000202,P00105242,M,18-25,4,A,3,0,11,,
1000202,P00214642,M,18-25,4,A,3,0,11,13,16
1000204,P00346042,M,26-35,7,B,1,1,6,8,15
1000205,P00313542,M,36-45,12,A,1,0,5,8,
1000205,P00112742,M,36-45,12,A,1,0,2,14,
1000212,P00288942,M,26-35,16,C,3,0,1,2,5
1000214,P00198042,M,18-25,20,C,1,0,11,16,
1000215,P00034742,M,36-45,14,C,1,1,5,14,17
1000216,P00189842,M,46-50,13,B,1,0,3,4,5
1000216,P00253142,M,46-50,13,B,1,0,1,2,5
1000216,P00175942,M,46-50,13,B,1,0,8,,
1000216,P00275742,M,46-50,13,B,1,0,8,16,
1000216,P00174242,M,46-50,13,B,1,0,15,16,
1000216,P00054342,M,46-50,13,B,1,0,7,,
1000225,P00212742,M,26-35,7,A,0,0,5,,
1000225,P00145942,M,26-35,7,A,0,0,6,8,13
1000227,P00229742,M,36-45,20,B,0,0,1,16,
1000229,P0099242,M,18-25,10,C,1,0,8,14,
1000229,P00173042,M,18-25,10,C,1,0,13,15,16
1000233,P00184942,F,46-50,20,C,2,1,1,8,17
1000235,P00117642,M,26-35,0,B,0,0,10,16,
1000238,P00088442,F,51-55,7,B,0,0,8,,
1000245,P00145042,M,36-45,16,B,0,0,1,2,5
1000245,P00221742,M,36-45,16,B,0,0,1,8,
1000245,P00044442,M,36-45,16,B,0,0,1,16,
1000245,P00123342,M,36-45,16,B,0,0,11,,
1000248,P00015542,M,18-25,17,B,1,1,1,2,13
1000249,P00274042,F,18-25,14,C,2,0,1,,
1000249,P00250642,F,18-25,14,C,2,0,11,,
1000249,P00102242,F,18-25,14,C,2,0,8,12,
1000257,P00002442,M,18-25,18,A,1,0,8,15,
1000257,P00139942,M,18-25,18,A,1,0,5,,
1000262,P00074642,F,26-35,1,C,1,0,5,9,14
1000264,P00111942,M,36-45,0,B,1,1,8,17,
1000264,P00193542,M,36-45,0,B,1,1,1,2,
1000268,P00127842,F,18-25,12,C,1,0,1,2,15
1000271,P00183242,M,18-25,4,C,1,0,5,15,
1000272,P00042142,M,18-25,0,A,1,0,1,2,6
1000272,P00244042,M,18-25,0,A,1,0,1,2,15
1000278,P00348642,M,46-50,18,C,4+,1,5,11,
1000283,P00016042,M,26-35,0,B,1,0,1,16,
1000284,P00182542,M,26-35,12,B,3,1,5,11,
1000289,P00110742,F,26-35,0,C,1,0,1,2,8
1000293,P00062842,M,55+,1,C,1,1,1,2,13
1000300,P00297942,M,26-35,7,B,4+,1,8,,
1000301,P00024042,M,18-25,4,B,4+,0,7,,
1000302,P00048142,M,18-25,4,B,4+,0,1,16,
1000302,P00102042,M,18-25,4,B,4+,0,5,,
1000302,P00220342,M,18-25,4,B,4+,0,5,,
1000307,P00114542,M,51-55,16,B,0,1,5,,
1000308,P00010842,M,26-35,2,A,3,1,8,16,
1000308,P0094542,M,26-35,2,A,3,1,2,4,9
1000308,P00153842,M,26-35,2,A,3,1,8,14,16
1000309,P00303242,M,26-35,4,B,1,0,5,8,
1000309,P00201442,M,26-35,4,B,1,0,1,6,8
1000311,P00120042,M,18-25,4,C,3,1,1,2,
1000312,P00118542,F,51-55,2,B,0,0,5,8,
1000312,P00145242,F,51-55,2,B,0,0,2,4,
1000313,P00112142,F,18-25,4,A,4+,0,1,2,14
1000314,P00050242,F,55+,9,C,1,0,8,,
1000314,P00295942,F,55+,9,C,1,0,2,5,15
1000319,P00324442,F,51-55,6,B,3,1,11,13,16
1000319,P00155042,F,51-55,6,B,3,1,6,16,
1000319,P00085242,F,51-55,6,B,3,1,8,14,17
1000320,P00115942,M,36-45,6,C,4+,0,8,17,
1000321,P00265242,M,18-25,4,B,3,0,5,8,
1000321,P00163442,M,18-25,4,B,3,0,6,8,13
1000324,P00273442,M,36-45,17,B,0,1,12,14,17
1000326,P00331042,M,51-55,11,B,1,1,5,8,
1000326,P00151742,M,51-55,11,B,1,1,8,15,16
1000327,P00118142,M,36-45,18,C,4+,0,8,17,
1000328,P00046742,M,36-45,12,C,2,0,1,2,15
1000329,P00125642,M,36-45,7,A,1,0,5,14,
1000329,P00270842,M,36-45,7,A,1,0,5,,
1000329,P00171342,M,36-45,7,A,1,0,13,16,
1000331,P00184842,M,26-35,7,B,1,0,5,6,
1000333,P00128242,M,36-45,2,A,0,1,5,12,14
1000335,P00146142,M,36-45,18,C,0,1,1,2,15
1000337,P00191442,M,18-25,19,C,0,0,1,2,15
1000340,P00331942,F,26-35,3,C,1,1,5,,
1000342,P00117942,M,18-25,12,C,4+,0,5,15,
1000343,P00218642,F,36-45,3,B,2,0,5,,
1000344,P00240042,M,36-45,14,C,1,1,5,,
1000346,P00184942,F,26-35,0,B,2,0,1,8,17
1000346,P00059442,F,26-35,0,B,2,0,6,8,16
1000348,P00281742,M,51-55,7,B,2,1,5,8,18
1000349,P00347642,M,0-17,10,C,0,0,1,6,
1000349,P00015542,M,0-17,10,C,0,0,1,2,13
1000350,P00058042,M,46-50,20,C,3,0,8,16,
1000352,P00109742,M,18-25,4,A,0,0,8,,
1000352,P00324442,M,18-25,4,A,0,0,11,13,16
1000352,P00067842,M,18-25,4,A,0,0,6,10,16
1000355,P00293242,M,18-25,3,B,2,0,8,16,
1000355,P00194642,M,18-25,3,B,2,0,1,6,13
1000356,P00194242,M,55+,20,C,0,1,11,16,
1000361,P00184442,F,26-35,14,B,3,0,1,6,8
1000364,P00021742,F,36-45,1,C,3,0,5,,
1000365,P00182742,F,18-25,4,A,1,0,1,2,14
1000368,P00279542,M,26-35,0,C,1,0,8,,
1000368,P00039242,M,26-35,0,C,1,0,1,15,
1000377,P00353142,M,26-35,17,B,2,0,5,,
1000380,P00307542,M,26-35,2,C,1,0,1,15,
1000380,P00324942,M,26-35,2,C,1,0,5,,
1000381,P00002942,M,36-45,17,C,2,0,2,15,
1000385,P0097142,M,26-35,6,C,1,0,12,,
1000386,P00134642,M,26-35,0,A,1,1,5,,
1000386,P00295842,M,26-35,0,A,1,1,5,8,
1000388,P00199442,F,26-35,0,B,3,1,5,9,
1000389,P00237542,M,26-35,6,C,0,0,1,15,16
1000390,P00341942,M,26-35,4,A,0,0,11,15,16
1000392,P00366542,M,18-25,7,A,0,0,5,,
1000392,P00051442,M,18-25,7,A,0,0,8,17,
1000393,P00084442,M,36-45,17,C,4+,0,13,16,
1000398,P00113242,M,26-35,17,B,3,1,1,6,8
1000398,P00136742,M,26-35,17,B,3,1,1,14,16
1000402,P00344442,M,26-35,11,B,1,1,5,8,14
1000407,P00024942,M,18-25,17,C,1,0,5,,
1000411,P00319142,F,46-50,1,B,0,1,5,14,
1000411,P00295942,F,46-50,1,B,0,1,2,5,15
1000411,P00074342,F,46-50,1,B,0,1,5,,
1000412,P00302942,M,36-45,15,A,1,1,8,,
1000415,P00049642,F,36-45,0,A,2,1,8,14,
1000415,P00344242,F,36-45,0,A,2,1,8,10,
1000419,P00241642,M,18-25,3,C,1,0,1,2,11
1000422,P00204342,M,55+,17,A,4+,0,15,16,
1000422,P00235942,M,55+,17,A,4+,0,11,15,16
1000424,P00162442,M,26-35,17,A,3,0,1,16,
1000424,P00204342,M,26-35,17,A,3,0,15,16,
1000424,P00349142,M,26-35,17,A,3,0,11,,
1000425,P00321742,M,26-35,12,B,1,1,5,8,17
1000425,P00183242,M,26-35,12,B,1,1,5,15,
1000425,P00014042,M,26-35,12,B,1,1,1,,
1000432,P00078742,M,46-50,16,C,1,1,5,8,14
1000437,P00343042,M,36-45,17,C,2,1,5,18,
1000438,P00183242,M,18-25,11,A,3,0,5,15,
1000438,P00325742,M,18-25,11,A,3,0,2,9,
1000438,P00152942,M,18-25,11,A,3,0,5,,
1000438,P0095342,M,18-25,11,A,3,0,2,4,
1000438,P00238642,M,18-25,11,A,3,0,1,5,
1000442,P00260042,M,26-35,1,A,2,0,5,8,
1000442,P00120642,M,26-35,1,A,2,0,5,,
1000444,P00216742,M,55+,0,A,3,0,5,,
1000451,P00116842,M,55+,13,C,4+,1,2,5,8
1000453,P00130442,M,18-25,4,B,1,0,3,5,
1000453,P00177842,M,18-25,4,B,1,0,8,,
1000453,P00347742,M,18-25,4,B,1,0,7,,
1000454,P00337842,M,26-35,20,C,2,1,5,,
1000454,P00183342,M,26-35,20,C,2,1,5,15,18
1000457,P00242742,M,18-25,4,B,2,0,1,2,9
1000461,P00285742,M,51-55,7,B,0,0,8,,
1000461,P00065342,M,51-55,7,B,0,0,2,15,
1000462,P00127242,M,18-25,16,C,1,1,1,16,
1000478,P00156442,M,51-55,16,A,2,0,8,,
1000480,P00163442,F,18-25,4,C,1,0,6,8,13
1000482,P00196542,M,26-35,14,A,2,1,5,8,14
1000482,P00193742,M,26-35,14,A,2,1,8,15,
1000482,P00302142,M,26-35,14,A,2,1,5,14,
1000498,P00052842,M,36-45,17,A,1,0,10,15,
1000499,P00101942,F,26-35,1,A,1,0,8,17,
1000508,P00103042,M,26-35,12,B,0,0,1,14,
1000509,P00130842,M,26-35,2,A,0,1,5,14,
1000509,P00046742,M,26-35,2,A,0,1,1,2,15
1000509,P00009342,M,26-35,2,A,0,1,1,16,
1000509,P00000642,M,26-35,2,A,0,1,1,6,16
1000513,P00085242,M,26-35,0,C,4+,0,8,14,17
1000515,P00085242,M,26-35,1,A,0,1,8,14,17
1000518,P00067942,F,36-45,12,C,4+,0,5,14,
1000518,P00004742,F,36-45,12,C,4+,0,6,16,
1000520,P00140042,F,36-45,20,A,2,0,1,16,
1000520,P00130742,F,36-45,20,A,2,0,1,14,17
1000520,P00123742,F,36-45,20,A,2,0,11,,
1000520,P00198042,F,36-45,20,A,2,0,11,16,
1000524,P00136142,M,18-25,0,A,0,0,6,16,
1000524,P00191442,M,18-25,0,A,0,0,1,2,15
1000524,P00101542,M,18-25,0,A,0,0,13,16,
1000524,P00040242,M,18-25,0,A,0,0,5,16,
1000529,P00270542,M,36-45,12,C,1,0,1,6,8
1000529,P00126142,M,36-45,12,C,1,0,8,16,
1000530,P00346142,M,26-35,2,A,1,1,1,15,
1000533,P00145042,M,26-35,12,A,1,0,1,2,5
1000536,P00233442,M,26-35,20,C,1,0,1,2,15
1000540,P00214642,M,18-25,1,B,1,0,11,13,16
1000541,P00004842,F,18-25,4,C,3,0,3,4,12
1000543,P00129342,M,26-35,5,B,4+,1,1,5,15
1000546,P00216342,F,26-35,0,B,0,0,3,4,5
1000549,P00206742,M,26-35,6,A,3,0,11,15,
1000550,P00110742,M,46-50,8,B,1,1,1,2,8
1000550,P00000242,M,46-50,8,B,1,1,2,4,9
1000550,P00182142,M,46-50,8,B,1,1,1,5,6
1000550,P00221842,M,46-50,8,B,1,1,1,8,
1000553,P00033642,M,26-35,2,B,1,0,5,8,
1000554,P00370242,M,26-35,12,C,0,1,5,,
1000556,P00106042,F,26-35,9,B,4+,0,5,,
1000556,P00192542,F,26-35,9,B,4+,0,1,2,9
1000559,P00314142,F,26-35,7,C,1,0,8,16,
1000561,P00324942,F,18-25,14,C,3,1,5,,
1000566,P00319342,M,26-35,17,A,3,0,5,8,
1000566,P00017542,M,26-35,17,A,3,0,5,,
1000566,P00192042,M,26-35,17,A,3,0,5,9,14
1000566,P00151742,M,26-35,17,A,3,0,8,15,16
1000566,P00212042,M,26-35,17,A,3,0,13,15,
1000566,P00338542,M,26-35,17,A,3,0,1,,
1000568,P00046742,F,51-55,17,C,1,1,1,2,15
1000577,P00304442,M,36-45,0,A,3,0,1,16,
1000585,P00112142,M,18-25,1,A,1,0,1,2,14
1000587,P00015142,M,26-35,20,B,3,0,5,,
1000588,P00343042,F,26-35,11,B,1,0,5,18,
1000588,P00233542,F,26-35,11,B,1,0,1,15,
1000588,P00319542,F,26-35,11,B,1,0,8,14,
1000590,P00131242,F,36-45,6,C,1,0,8,,
1000591,P00265242,M,26-35,0,C,1,0,5,8,
1000601,P00182642,F,18-25,20,B,3,1,2,4,9
1000601,P00250842,F,18-25,20,B,3,1,8,,
1000602,P00032342,F,55+,6,C,2,0,11,15,
1000604,P00328142,M,46-50,17,C,2,1,8,16,
1000604,P00276642,M,46-50,17,C,2,1,8,11,
1000608,P00063342,M,18-25,4,C,3,1,1,2,9
1000608,P00074442,M,18-25,4,C,3,1,1,16,
1000611,P00059442,M,36-45,0,C,1,0,6,8,16
1000620,P00135742,M,18-25,0,A,3,0,6,8,
1000624,P00074642,M,26-35,1,B,3,0,5,9,14
1000624,P00184142,M,26-35,1,B,3,0,8,14,
1000624,P0096142,M,26-35,1,B,3,0,3,4,
1000630,P00205442,F,36-45,14,C,2,0,5,8,14
1000631,P00321742,M,36-45,17,C,3,1,5,8,17
1000634,P00000142,F,0-17,10,C,4+,0,3,4,5
1000637,P00052842,M,36-45,12,B,2,1,10,15,
1000638,P00113942,M,26-35,6,C,1,1,8,,
1000638,P00324742,M,26-35,6,C,1,1,2,9,14
1000639,P00183642,M,46-50,17,B,2,1,4,5,9
1000641,P00118442,F,36-45,0,A,2,1,1,2,
1000643,P00346442,M,26-35,2,C,0,1,1,2,14
1000643,P00355142,M,26-35,2,C,0,1,1,15,
1000646,P00277442,M,36-45,7,C,2,0,1,6,15
1000647,P00262242,M,36-45,12,B,1,1,1,11,16
1000647,P00259442,M,36-45,12,B,1,1,5,,
1000648,P00355642,F,26-35,12,B,1,1,16,,
1000648,P00242742,F,26-35,12,B,1,1,1,2,9
1000649,P00283942,M,26-35,4,B,2,1,5,,
1000651,P00110942,M,36-45,7,B,2,0,1,2,
1000651,P00057642,M,36-45,7,B,2,0,1,15,16
1000651,P00120742,M,36-45,7,B,2,0,8,12,17
1000652,P00112642,M,18-25,20,C,3,0,1,2,5
1000655,P00339042,F,26-35,2,B,2,0,5,,
1000656,P00085242,F,46-50,16,C,3,1,8,14,17
1000669,P00142142,M,26-35,17,B,2,0,1,2,15
1000673,P00014642,M,26-35,20,A,4+,0,8,14,17
1000678,P00317842,M,26-35,0,A,0,1,8,,
1000678,P00352142,M,26-35,0,A,0,1,1,6,16
1000678,P00266242,M,26-35,0,A,0,1,11,,
1000678,P00243942,M,26-35,0,A,0,1,1,2,15
1000680,P00031142,M,26-35,12,C,1,0,16,,
1000687,P00173942,F,26-35,7,C,4+,0,1,5,6
1000687,P00147742,F,26-35,7,C,4+,0,1,16,
1000687,P00165442,F,26-35,7,C,4+,0,1,15,16
1000692,P00227742,F,26-35,0,A,0,1,5,14,
1000692,P00248542,F,26-35,0,A,0,1,8,16,
1000692,P00197442,F,26-35,0,A,0,1,8,14,
1000692,P00182442,F,26-35,0,A,0,1,5,11,
1000697,P00120942,F,51-55,6,A,3,1,8,,
1000697,P00174442,F,51-55,6,A,3,1,5,,
1000700,P00124742,M,51-55,17,C,1,1,10,16,
1000702,P00278642,M,36-45,7,B,2,1,5,,
1000702,P00331042,M,36-45,7,B,2,1,5,8,
1000702,P00331342,M,36-45,7,B,2,1,8,16,
1000702,P00085942,M,36-45,7,B,2,1,2,4,8
1000702,P00130742,M,36-45,7,B,2,1,1,14,17
1000705,P00266142,M,26-35,4,C,0,1,5,11,
1000705,P00226842,M,26-35,4,C,0,1,11,,
1000706,P00022442,M,36-45,20,B,2,0,8,16,
1000710,P00173042,M,26-35,20,A,4+,0,13,15,16
1000710,P00150842,M,26-35,20,A,4+,0,11,13,16
1000710,P00143642,M,26-35,20,A,4+,0,1,2,6
1000710,P00204342,M,26-35,20,A,4+,0,15,16,
1000710,P00118442,M,26-35,20,A,4+,0,1,2,
1000710,P00037342,M,26-35,20,A,4+,0,8,11,
1000710,P00111342,M,26-35,20,A,4+,0,5,,
1000712,P00189842,M,26-35,0,B,2,0,3,4,5
1000714,P00112142,M,18-25,4,B,2,0,1,2,14
1000718,P00216142,M,18-25,2,C,2,0,1,16,
1000720,P00074642,M,18-25,0,B,0,0,5,9,14
1000720,P00230942,M,18-25,0,B,0,0,5,14,
1000721,P00131342,F,36-45,9,B,1,0,5,,
1000722,P00344742,M,26-35,12,B,4+,0,5,,
1000724,P00365242,M,51-55,13,B,2,1,5,8,
1000724,P00046142,M,51-55,13,B,2,1,1,16,
1000727,P00161442,M,36-45,11,B,4+,1,5,14,
1000728,P00041242,M,26-35,6,C,4+,0,8,14,
1000728,P00165942,M,26-35,6,C,4+,0,8,,
1000732,P00296242,M,26-35,7,B,4+,0,8,,
1000733,P00190342,M,36-45,16,C,1,1,4,12,
1000733,P00284642,M,36-45,16,C,1,1,5,8,
1000735,P00283942,M,26-35,14,A,3,0,5,,
1000735,P00169742,M,26-35,14,A,3,0,1,8,15
1000744,P00244142,M,26-35,17,B,2,0,1,2,15
1000744,P00178942,M,26-35,17,B,2,0,5,8,
1000744,P00313342,M,26-35,17,B,2,0,5,,
1000749,P00113142,M,36-45,18,B,0,0,1,5,12
1000749,P00028042,M,36-45,18,B,0,0,1,16,
1000750,P00028842,F,36-45,9,B,4+,1,6,8,
1000752,P00280442,F,26-35,3,A,3,0,11,,
1000752,P00258842,F,26-35,3,A,3,0,5,,
1000752,P00316142,F,26-35,3,A,3,0,5,,
1000752,P00036542,F,26-35,3,A,3,0,4,5,
1000753,P00355142,M,0-17,10,C,1,0,1,15,
1000753,P00337842,M,0-17,10,C,1,0,5,,
1000753,P00251942,M,0-17,10,C,1,0,1,2,5
1000754,P00255842,M,36-45,7,C,3,0,16,,
1000756,P00113242,M,36-45,0,C,2,0,1,6,8
1000757,P00114942,M,26-35,12,A,1,0,1,15,16
1000757,P00198142,M,26-35,12,A,1,0,2,4,9
1000757,P00213742,M,26-35,12,A,1,0,8,,
1000757,P0093942,M,26-35,12,A,1,0,8,16,
1000759,P00058442,F,55+,3,C,1,0,5,14,
1000765,P00113442,M,26-35,17,B,1,0,3,5,
1000765,P00057542,M,26-35,17,B,1,0,3,4,5
1000765,P00251942,M,26-35,17,B,1,0,1,2,5
1000765,P00159442,M,26-35,17,B,1,0,5,8,
1000767,P00261542,M,26-35,12,C,1,0,16,,
1000770,P00025442,M,18-25,4,B,2,1,1,2,9
1000770,P00003442,M,18-25,4,B,2,1,4,5,8
1000770,P00228642,M,18-25,4,B,2,1,5,18,
1000772,P00237542,M,18-25,12,C,2,0,1,15,16
1000774,P00046142,M,18-25,4,A,4+,0,1,16,
1000774,P00037142,M,18-25,4,A,4+,0,1,2,5
1000777,P00223942,M,18-25,19,B,1,0,5,8,
1000780,P00035542,M,26-35,17,B,3,0,3,4,12
1000783,P00318742,M,26-35,4,A,2,0,1,8,
1000783,P00006942,M,26-35,4,A,2,0,1,5,6
1000791,P00190542,M,36-45,7,B,1,0,3,4,
1000796,P00319042,M,51-55,6,B,4+,1,5,,
1000804,P00294542,M,26-35,20,C,0,0,8,,
1000813,P00058042,M,18-25,4,C,1,1,8,16,
1000818,P00250842,M,18-25,4,C,2,0,8,,
1000818,P00338442,M,18-25,4,C,2,0,1,16,
1000819,P00070042,M,36-45,7,A,1,0,1,2,16
1000821,P00242742,M,18-25,2,C,2,0,1,2,9
1000822,P00129542,F,26-35,1,B,0,1,8,14,
1000822,P00240142,F,26-35,1,B,0,1,5,,
1000822,P00265542,F,26-35,1,B,0,1,5,8,
1000823,P00100842,M,26-35,0,C,1,0,5,,
1000824,P00114442,M,36-45,12,A,2,1,5,6,
1000829,P00118542,M,0-17,19,A,2,0,5,8,
1000830,P00193742,M,36-45,7,A,3,0,8,15,
1000832,P00324942,M,18-25,2,C,4+,0,5,,
1000839,P00262242,M,26-35,0,A,2,0,1,11,16
1000839,P00207342,M,26-35,0,A,2,0,5,8,14
1000839,P00217542,M,26-35,0,A,2,0,1,2,11
1000845,P00318742,F,18-25,0,A,2,0,1,8,
1000850,P00309542,M,36-45,0,A,3,1,5,14,
1000854,P00173842,F,26-35,16,B,1,0,1,2,15
1000855,P00174342,F,18-25,2,A,2,1,8,,
1000855,P00265242,F,18-25,2,A,2,1,5,8,
1000857,P00089542,M,36-45,17,C,3,1,5,,
1000858,P00270942,M,36-45,14,B,4+,0,1,2,15
1000859,P00197942,M,26-35,12,B,4+,1,6,11,
1000863,P00248942,M,26-35,7,C,4+,0,1,6,14
1000869,P00242142,M,18-25,20,A,4+,1,5,9,
1000869,P00209742,M,18-25,20,A,4+,1,1,11,15
1000872,P00112942,M,51-55,1,B,3,1,1,16,
1000875,P00354342,M,0-17,10,C,4+,0,5,11,
1000877,P00143342,M,26-35,0,B,1,1,1,14,16
1000877,P00258742,M,26-35,0,B,1,1,5,,
1000881,P00150242,M,18-25,14,A,1,0,1,16,
1000883,P00148642,F,36-45,14,C,0,0,6,10,13
1000889,P00319042,M,46-50,20,A,1,0,5,,
1000889,P00086142,M,46-50,20,A,1,0,5,,
1000889,P00107442,M,46-50,20,A,1,0,5,,
1000889,P00086742,M,46-50,20,A,1,0,5,,
1000889,P00136942,M,46-50,20,A,1,0,5,8,
1000889,P00023442,M,46-50,20,A,1,0,16,,
1000889,P00271342,M,46-50,20,A,1,0,8,14,
1000889,P00150142,M,46-50,20,A,1,0,8,,
1000890,P00010242,M,18-25,4,C,4+,0,5,,
1000891,P00109542,M,26-35,1,C,4+,0,8,14,17
1000897,P00024742,M,26-35,6,B,4+,0,8,11,
1000897,P00223242,M,26-35,6,B,4+,0,5,14,
1000897,P00349942,M,26-35,6,B,4+,0,1,5,
1000897,P00113242,M,26-35,6,B,4+,0,1,6,8
1000904,P00241242,M,36-45,20,B,4+,0,1,11,15
1000904,P00222742,M,36-45,20,B,4+,0,8,16,
1000911,P00115142,M,51-55,0,B,3,1,1,8,17
1000911,P00116242,M,51-55,0,B,3,1,8,15,
1000911,P00052642,M,51-55,0,B,3,1,5,14,
1000914,P00193242,F,36-45,9,C,2,0,6,8,
1000918,P00135242,F,46-50,1,C,1,0,4,5,13
1000919,P00226342,F,36-45,1,C,1,0,11,15,
1000919,P00070442,F,36-45,1,C,1,0,1,15,
1000922,P00101142,M,55+,16,B,2,1,8,,
1000924,P00166742,M,51-55,17,C,1,1,5,16,
1000926,P00053842,M,0-17,10,C,1,0,4,5,12
1000927,P00289342,F,26-35,20,C,1,1,5,8,14
1000928,P00090342,F,55+,16,C,4+,1,12,,
1000929,P00127642,M,26-35,15,A,1,0,1,2,15
1000929,P00181842,M,26-35,15,A,1,0,11,,
1000931,P00368342,F,55+,1,C,0,0,5,,
1000931,P00052842,F,55+,1,C,0,0,10,15,
1000933,P00118642,M,46-50,1,C,3,1,1,8,14
1000934,P00230342,F,36-45,7,A,0,0,5,14,
1000934,P0095742,F,36-45,7,A,0,0,4,5,
1000934,P00304842,F,36-45,7,A,0,0,8,,
1000934,P00128742,F,36-45,7,A,0,0,1,,
1000934,P00104842,F,36-45,7,A,0,0,8,,
1000934,P00222342,F,36-45,7,A,0,0,8,14,
1000940,P00250242,M,0-17,10,C,4+,0,5,,
1000949,P00073842,M,51-55,17,B,4+,1,1,15,17
1000949,P00334242,M,51-55,17,B,4+,1,1,8,
1000949,P00277642,M,51-55,17,B,4+,1,2,3,10
1000954,P00120542,F,26-35,0,B,1,1,8,14,
1000955,P00159542,F,51-55,7,B,1,1,10,15,16
1000955,P00019342,F,51-55,7,B,1,1,1,6,15
1000955,P00271142,F,51-55,7,B,1,1,5,,
1000959,P00171542,M,51-55,11,C,1,0,2,5,14
1000959,P00057542,M,51-55,11,C,1,0,3,4,5
1000961,P00260842,M,18-25,10,A,2,0,1,16,
1000964,P00216742,M,26-35,7,B,1,1,5,,
1000966,P00184042,M,55+,2,C,4+,0,1,8,
1000970,P00115142,M,26-35,0,B,4+,1,1,8,17
1000970,P00054242,M,26-35,0,B,4+,1,1,6,14
1000971,P00221342,M,26-35,12,B,2,1,1,2,5
1000977,P00259342,M,26-35,2,C,0,0,5,9,
1000977,P00028842,M,26-35,2,C,0,0,6,8,
1000984,P00014642,M,51-55,16,A,2,1,8,14,17
1000984,P00182742,M,51-55,16,A,2,1,1,2,14
1000984,P00044142,M,51-55,16,A,2,1,8,16,
1000984,P00165642,M,51-55,16,A,2,1,1,8,16
1000984,P00295242,M,51-55,16,A,2,1,8,,
1000984,P00338942,M,51-55,16,A,2,1,1,8,17
1000990,P00241642,M,18-25,6,C,2,0,1,2,11
1000993,P00366342,M,26-35,0,C,1,0,5,14,
1000995,P00102342,F,18-25,4,C,3,0,8,14,17
1000996,P00057542,M,26-35,17,A,4+,1,3,4,5
1000998,P00286842,M,46-50,20,A,0,1,5,8,
1000999,P00070042,M,26-35,15,B,2,0,1,2,16
1000999,P00127242,M,26-35,15,B,2,0,1,16,
1000999,P00104842,M,26-35,15,B,2,0,8,,
1000999,P00020242,M,26-35,15,B,2,0,8,14,
1001004,P00129342,M,26-35,3,B,2,0,1,5,15
1001004,P00250242,M,26-35,3,B,2,0,5,,
1001010,P00054042,M,26-35,0,A,1,0,18,,
1001010,P00040042,M,26-35,0,A,1,0,5,,
1001010,P00156542,M,26-35,0,A,1,0,4,5,
1001010,P00166942,M,26-35,0,A,1,0,2,4,5
1001010,P00345742,M,26-35,0,A,1,0,1,2,15
1001010,P00111442,M,26-35,0,A,1,0,8,,
1001013,P00199442,M,55+,13,C,1,0,5,9,
1001015,P00036442,M,36-45,3,A,4+,1,16,,
1001015,P00112642,M,36-45,3,A,4+,1,1,2,5
1001015,P00028442,M,36-45,3,A,4+,1,1,8,16
1001015,P00160642,M,36-45,3,A,4+,1,1,11,15
1001015,P00346842,M,36-45,3,A,4+,1,11,,
1001016,P00005742,M,55+,16,C,3,0,8,14,
1001017,P00178942,M,36-45,0,B,2,0,5,8,
1001017,P00244942,M,36-45,0,B,2,0,11,,
1001017,P00116742,M,36-45,0,B,2,0,11,,
1001018,P00178242,M,18-25,4,A,4+,0,8,,
1001019,P00113542,M,36-45,1,A,4+,1,8,17,
1001019,P00297942,M,36-45,1,A,4+,1,8,,
1001019,P00035542,M,36-45,1,A,4+,1,3,4,12
1001019,P00212042,M,36-45,1,A,4+,1,13,15,
1001019,P00024842,M,36-45,1,A,4+,1,8,,
1001019,P00268442,M,36-45,1,A,4+,1,8,17,
1001021,P00177142,M,36-45,0,C,3,0,8,13,
1001027,P00057642,M,18-25,4,B,1,0,1,15,16
1001029,P00031042,M,26-35,0,B,0,0,8,,
1001032,P00277642,M,51-55,16,C,0,1,2,3,10
1001033,P00142142,M,26-35,5,B,1,0,1,2,15
1001041,P00188442,M,46-50,2,B,2,0,5,7,
1001047,P00113342,M,18-25,0,B,4+,0,1,8,17
1001050,P00102642,M,26-35,1,B,1,0,4,8,9
1001051,P00278642,F,26-35,0,A,0,1,5,,
1001051,P00230342,F,26-35,0,A,0,1,5,14,
1001051,P00192542,F,26-35,0,A,0,1,1,2,9
1001051,P00050742,F,26-35,0,A,0,1,5,,
1001051,P00031042,F,26-35,0,A,0,1,8,,
1001051,P00288842,F,26-35,0,A,0,1,8,14,
1001054,P00074442,M,0-17,10,C,1,0,1,16,
1001057,P00184042,M,46-50,17,B,1,1,1,8,
1001058,P00059642,M,26-35,1,B,2,0,1,2,3
1001058,P00144642,M,26-35,1,B,2,0,1,15,16
1001058,P00010842,M,26-35,1,B,2,0,8,16,
1001068,P00088442,F,18-25,4,B,2,0,8,,
1001072,P00111842,F,36-45,7,C,2,0,8,,
1001074,P00115142,M,46-50,17,A,4+,1,1,8,17
1001074,P00085542,M,46-50,17,A,4+,1,5,14,
1001075,P00103342,F,26-35,6,A,1,1,8,,
1001077,P00101842,M,26-35,3,A,1,0,6,16,
1001078,P00196242,F,46-50,9,C,1,1,3,4,5
1001078,P00024142,F,46-50,9,C,1,1,8,9,14
1001078,P00344442,F,46-50,9,C,1,1,5,8,14
1001078,P00227742,F,46-50,9,C,1,1,5,14,
1001079,P00173742,M,26-35,7,A,0,0,1,5,8
1001083,P00321942,M,55+,0,B,1,1,5,,
1001084,P00110542,M,0-17,19,C,0,0,8,,
1001087,P00293042,M,26-35,16,B,1,0,8,,
1001088,P00010842,F,0-17,10,A,3,0,8,16,
1001088,P00251842,F,0-17,10,A,3,0,1,15,16
1001088,P00351142,F,0-17,10,A,3,0,1,8,17
1001088,P00075442,F,0-17,10,A,3,0,5,11,
1001088,P00289942,F,0-17,10,A,3,0,3,4,5
1001088,P00109242,F,0-17,10,A,3,0,6,8,10
1001088,P00348042,F,0-17,10,A,3,0,5,,
1001094,P00240142,F,18-25,0,C,1,0,5,,
1001094,P00151742,F,18-25,0,C,1,0,8,15,16
1001096,P00146942,M,0-17,10,C,1,0,1,,
1001097,P00161942,M,18-25,17,A,4+,0,5,8,
1001100,P0095942,M,26-35,0,B,0,1,3,4,
1001100,P00207042,M,26-35,0,B,0,1,5,14,
1001100,P00227942,M,26-35,0,B,0,1,2,5,
1001101,P00058742,M,36-45,1,A,1,0,16,,
1001102,P00250842,M,18-25,1,A,2,0,8,,
1001106,P00225842,M,18-25,4,C,2,0,2,4,15
1001106,P00198042,M,18-25,4,C,2,0,11,16,
1001107,P00033342,F,51-55,1,C,1,1,5,14,
1001109,P00274942,M,18-25,10,C,1,0,8,,
1001112,P00123742,M,18-25,6,A,4+,0,11,,
1001112,P00074242,M,18-25,6,A,4+,0,5,,
1001112,P00073842,M,18-25,6,A,4+,0,1,15,17
1001112,P00047242,M,18-25,6,A,4+,0,1,5,
1001112,P00028442,M,18-25,6,A,4+,0,1,8,16
1001112,P00157342,M,18-25,6,A,4+,0,8,,
1001113,P00151742,M,18-25,4,B,3,0,8,15,16
1001114,P00188542,F,18-25,9,A,2,0,5,8,14
1001115,P00180442,F,26-35,1,C,0,0,11,,
1001115,P00325742,F,26-35,1,C,0,0,2,9,
1001117,P00328142,M,18-25,14,B,3,0,8,16,
1001117,P00116142,M,18-25,14,B,3,0,10,13,16
1001117,P00279542,M,18-25,14,B,3,0,8,,
1001117,P00036842,M,18-25,14,B,3,0,1,14,16
1001119,P00178842,M,36-45,1,B,2,1,2,4,9
1001119,P00204342,M,36-45,1,B,2,1,15,16,
1001119,P00177342,M,36-45,1,B,2,1,8,,
1001120,P00191342,M,18-25,4,A,0,1,2,4,9
1001120,P00220342,M,18-25,4,A,0,1,5,,
1001121,P00049642,M,55+,7,C,4+,1,8,14,
1001124,P00145742,M,26-35,2,B,4+,1,1,2,
1001124,P0096342,M,26-35,2,B,4+,1,8,,
1001125,P00103042,F,18-25,4,B,2,0,1,14,
1001125,P00072442,F,18-25,4,B,2,0,2,,
1001128,P0099242,M,26-35,1,A,2,0,8,14,
1001128,P00189042,M,26-35,1,A,2,0,8,,
1001129,P00117942,M,36-45,17,C,2,0,5,15,
1001133,P00116842,M,18-25,2,C,0,0,2,5,8
1001137,P00086042,M,18-25,4,B,4+,0,8,14,17
1001140,P00177842,F,46-50,2,B,2,1,8,,
1001140,P00191742,F,46-50,2,B,2,1,4,11,
1001142,P00026042,M,18-25,1,B,1,0,8,14,17
1001142,P00145042,M,18-25,1,B,1,0,1,2,5
1001145,P00026042,M,51-55,3,A,2,1,8,14,17
1001147,P00025442,M,26-35,20,B,3,1,1,2,9
1001147,P00064042,M,26-35,20,B,3,1,3,4,12
1001150,P00328142,F,26-35,20,A,1,0,8,16,
1001150,P00214142,F,26-35,20,A,1,0,8,,
1001150,P00022942,F,26-35,20,A,1,0,5,8,
1001150,P00194042,F,26-35,20,A,1,0,8,11,
1001150,P00197042,F,26-35,20,A,1,0,5,,
1001150,P00336942,F,26-35,20,A,1,0,5,,
1001150,P00259242,F,26-35,20,A,1,0,5,,
1001150,P00227942,F,26-35,20,A,1,0,2,5,
1001151,P00019342,M,26-35,15,C,2,1,1,6,15
1001151,P00011942,M,26-35,15,C,2,1,8,13,14
1001155,P00000142,M,26-35,12,C,0,0,3,4,5
1001157,P00130742,M,46-50,7,C,1,0,1,14,17
1001162,P00059442,F,36-45,0,B,4+,0,6,8,16
1001162,P00014542,F,36-45,0,B,4+,0,8,,
1001162,P00319542,F,36-45,0,B,4+,0,8,14,
1001164,P00277642,F,26-35,19,A,1,1,2,3,10
1001165,P00066242,M,26-35,12,B,1,1,1,2,5
1001168,P00170942,F,26-35,0,A,1,1,5,8,14
1001170,P00279942,M,55+,3,A,2,1,8,,
1001172,P00086042,F,26-35,0,A,2,1,8,14,17
1001173,P00237842,F,26-35,7,A,3,0,5,,
1001175,P00329642,F,26-35,2,A,1,0,8,14,
1001177,P00294542,F,26-35,17,C,2,1,8,,
1001181,P00111042,M,36-45,7,A,3,1,15,,
1001181,P00302642,M,36-45,7,A,3,1,16,,
1001182,P00241142,M,0-17,10,B,3,0,8,,
1001184,P00267542,F,26-35,4,C,1,1,1,16,
1001186,P00280942,M,18-25,19,A,1,1,11,,
1001194,P00117742,F,26-35,1,B,1,1,8,,
1001194,P00131542,F,26-35,1,B,1,1,8,12,
1001196,P00014542,F,18-25,14,C,3,0,8,,
1001202,P00049942,M,36-45,12,B,0,0,11,15,
1001202,P00299142,M,36-45,12,B,0,0,5,,
1001202,P00223242,M,36-45,12,B,0,0,5,14,
1001202,P00240042,M,36-45,12,B,0,0,5,,
1001202,P00208742,M,36-45,12,B,0,0,1,6,16
1001203,P00302342,F,26-35,1,A,3,0,8,,
1001203,P00224542,F,26-35,1,A,3,0,8,,
1001203,P00323942,F,26-35,1,A,3,0,8,15,
1001203,P00125642,F,26-35,1,A,3,0,5,14,
1001204,P00228542,M,26-35,7,B,4+,0,2,,
1001205,P0096242,F,55+,0,C,1,1,4,8,
1001209,P00346242,M,36-45,7,C,1,1,1,15,
1001211,P00068442,M,18-25,4,A,1,0,18,,
1001216,P00200642,M,26-35,2,A,1,1,10,16,
1001216,P00114942,M,26-35,2,A,1,1,1,15,16
1001218,P00208242,M,55+,15,B,0,1,8,,
1001220,P00081542,M,0-17,10,A,3,0,5,,
1001221,P00129342,M,18-25,0,B,1,0,1,5,15
1001222,P00247542,M,36-45,0,C,4+,0,8,16,
1001224,P00113542,M,51-55,13,B,4+,0,8,17,
1001224,P00116942,M,51-55,13,B,4+,0,6,10,16
1001224,P00142242,M,51-55,13,B,4+,0,8,,
1001228,P00289942,M,26-35,1,C,4+,1,3,4,5
1001228,P00319842,M,26-35,1,C,4+,1,3,5,
1001230,P00044442,M,26-35,11,B,2,0,1,16,
1001239,P00015642,F,26-35,20,B,1,0,8,16,17
1001239,P00279542,F,26-35,20,B,1,0,8,,
1001240,P00338442,F,18-25,14,B,3,1,1,16,
1001242,P00134142,F,36-45,0,A,0,1,5,,
1001243,P00183442,M,36-45,15,B,4+,1,1,2,
1001243,P00277442,M,36-45,15,B,4+,1,1,6,15
1001243,P00174542,M,36-45,15,B,4+,1,11,15,
1001243,P00365242,M,36-45,15,B,4+,1,5,8,
1001244,P00113642,M,26-35,4,A,4+,1,8,,
1001244,P00289042,M,26-35,4,A,4+,1,8,,
1001244,P00057242,M,26-35,4,A,4+,1,5,,
1001244,P00338442,M,26-35,4,A,4+,1,1,16,
1001244,P00339842,M,26-35,4,A,4+,1,1,14,15
1001246,P00016842,M,18-25,4,A,2,0,1,2,15
1001247,P00307542,M,36-45,0,B,2,0,1,15,
1001251,P00250342,M,26-35,7,C,0,1,16,,
1001252,P00116342,M,55+,13,C,3,0,2,,
1001254,P00283142,F,18-25,1,B,2,0,13,14,16
1001254,P00273642,F,18-25,1,B,2,0,8,14,
1001255,P00365842,M,26-35,17,A,4+,0,8,,
1001259,P00112542,M,36-45,7,C,2,1,1,11,15
1001260,P00270942,M,26-35,17,B,0,0,1,2,15
1001260,P00339542,M,26-35,17,B,0,0,1,,
1001260,P00119442,M,26-35,17,B,0,0,5,,
1001262,P00312742,M,26-35,4,A,0,1,15,,
1001264,P00174142,M,26-35,1,A,3,0,3,4,9
1001264,P00173342,M,26-35,1,A,3,0,1,6,14
1001264,P0097242,M,26-35,1,A,3,0,1,16,
1001264,P00205442,M,26-35,1,A,3,0,5,8,14
1001264,P00331942,M,26-35,1,A,3,0,5,,
1001264,P00237642,M,26-35,1,A,3,0,5,14,
1001266,P00166742,M,26-35,4,B,0,1,5,16,
1001266,P00130942,M,26-35,4,B,0,1,5,8,
1001268,P00115542,M,51-55,2,B,1,1,8,,
1001269,P00251242,F,55+,13,C,2,1,5,11,
1001270,P00285442,M,26-35,6,C,1,0,8,,
1001271,P00100742,F,46-50,6,C,3,1,5,17,
1001272,P00057342,M,18-25,20,B,0,0,4,5,
1001272,P00297042,M,18-25,20,B,0,0,8,,
1001273,P00116942,M,36-45,2,C,3,1,6,10,16
1001273,P00279942,M,36-45,2,C,3,1,8,,
1001273,P00126142,M,36-45,2,C,3,1,8,16,
1001273,P00003442,M,36-45,2,C,3,1,4,5,8
1001274,P00118742,M,46-50,7,B,4+,1,5,11,
1001274,P00290342,M,46-50,7,B,4+,1,8,,
1001279,P00177842,M,36-45,1,A,2,0,8,,
1001281,P00170042,M,26-35,19,C,1,0,8,,
1001283,P00210342,F,18-25,1,C,3,0,3,4,
1001284,P00112442,M,46-50,16,A,1,1,6,8,
1001284,P00126042,M,46-50,16,A,1,1,8,14,
1001284,P00368442,M,46-50,16,A,1,1,11,,
1001285,P00148642,M,36-45,4,A,0,1,6,10,13
1001285,P00144242,M,36-45,4,A,0,1,5,14,
1001285,P00018842,M,36-45,4,A,0,1,8,,
1001285,P00313342,M,36-45,4,A,0,1,5,,
1001285,P00298142,M,36-45,4,A,0,1,5,8,
1001288,P00326642,F,36-45,19,C,1,0,8,,
1001291,P00188842,F,36-45,0,A,3,0,8,,
1001293,P00051442,M,26-35,5,C,1,0,8,17,
1001294,P00209842,F,51-55,20,B,4+,1,5,8,
1001295,P00334242,F,36-45,6,C,1,1,1,8,
1001297,P00134342,M,26-35,7,A,4+,0,5,,
1001297,P00009342,M,26-35,7,A,4+,0,1,16,
1001298,P00014542,M,36-45,6,B,4+,0,8,,
1001299,P00127642,M,26-35,14,B,1,0,1,2,15
1001301,P00246142,F,26-35,2,C,1,1,1,15,17
1001303,P00010742,M,26-35,19,A,4+,0,1,8,17
1001303,P00163442,M,26-35,19,A,4+,0,6,8,13
1001306,P00031842,M,26-35,3,B,3,0,1,5,12
1001306,P00055642,M,26-35,3,B,3,0,4,5,
1001311,P00144642,M,18-25,10,C,1,0,1,15,16
1001311,P0096042,M,18-25,10,C,1,0,3,4,12
1001314,P00187442,F,18-25,4,C,0,0,2,4,5
1001316,P00258842,M,51-55,2,C,2,0,5,,
1001317,P00139942,M,46-50,7,B,3,1,5,,
1001317,P00178642,M,46-50,7,B,3,1,5,15,
1001322,P00188742,M,55+,0,A,0,0,8,14,17
1001323,P00272042,F,36-45,2,C,1,0,8,14,
1001323,P00057642,F,36-45,2,C,1,0,1,15,16
1001325,P00114842,M,26-35,1,B,1,1,5,,
1001328,P00282442,M,36-45,14,A,1,0,5,8,18
1001329,P00052842,M,18-25,14,B,3,0,10,15,
1001329,P00221942,M,18-25,14,B,3,0,1,8,
1001329,P00102142,M,18-25,14,B,3,0,13,16,
1001333,P00159542,M,26-35,17,A,4+,0,10,15,16
1001338,P00031542,M,26-35,0,A,3,1,5,,
1001339,P00059442,M,36-45,18,C,2,0,6,8,16
1001340,P00037042,M,26-35,7,A,2,0,1,15,
1001340,P00200342,M,26-35,7,A,2,0,16,,
1001340,P00188542,M,26-35,7,A,2,0,5,8,14
1001342,P00044442,M,36-45,0,C,4+,0,1,16,
1001343,P00319342,M,36-45,14,B,3,0,5,8,
1001343,P00116742,M,36-45,14,B,3,0,11,,
1001343,P0099342,M,36-45,14,B,3,0,5,8,
1001354,P00134842,F,26-35,2,B,3,0,5,,
1001355,P00344442,F,46-50,20,A,3,0,5,8,14
1001356,P00027342,F,18-25,4,B,2,0,8,,
1001358,P00037142,M,36-45,17,C,1,1,1,2,5
1001360,P00003642,M,26-35,20,C,1,1,8,,
1001362,P00365042,M,36-45,12,B,0,0,6,16,
1001367,P00025942,M,26-35,12,C,1,0,8,14,
1001367,P00237542,M,26-35,12,C,1,0,1,15,16
1001369,P00225642,M,26-35,5,B,1,1,11,15,
1001369,P00217442,M,26-35,5,B,1,1,1,2,11
1001370,P00180442,M,36-45,2,C,2,1,11,,
1001376,P00003242,F,46-50,1,C,1,1,8,15,
1001377,P00228042,M,36-45,16,B,3,1,5,,
1001377,P00214842,M,36-45,16,B,3,1,14,,
1001377,P00142942,M,36-45,16,B,3,1,1,2,16
1001377,P00187842,M,36-45,16,B,3,1,1,16,
1001380,P00230942,M,0-17,10,C,0,0,5,14,
1001380,P00234542,M,0-17,10,C,0,0,5,,
1001381,P00351342,M,18-25,11,C,1,0,1,2,16
1001383,P00190542,F,26-35,7,A,1,0,3,4,
1001383,P00102042,F,26-35,7,A,1,0,5,,
1001383,P00165842,F,26-35,7,A,1,0,14,,
1001383,P00125742,F,26-35,7,A,1,0,8,,
1001383,P00324442,F,26-35,7,A,1,0,11,13,16
1001386,P00111842,F,26-35,0,B,1,0,8,,
1001389,P00184442,M,26-35,17,B,4+,1,1,6,8
1001389,P00315642,M,26-35,17,B,4+,1,8,13,
1001395,P00154642,M,26-35,2,B,1,1,8,,
1001395,P00006942,M,26-35,2,B,1,1,1,5,6
1001396,P00025442,F,26-35,12,A,4+,1,1,2,9
1001397,P00116242,M,36-45,7,C,3,1,8,15,
1001399,P00139942,M,18-25,17,C,1,0,5,,
1001400,P00173342,M,26-35,7,B,4+,0,1,6,14
1001404,P00328442,M,51-55,16,B,1,1,5,14,
1001407,P00157542,F,36-45,15,A,1,1,8,14,
1001407,P00268442,F,36-45,15,A,1,1,8,17,
1001408,P00112542,M,26-35,0,B,1,1,1,11,15
1001410,P00367742,M,51-55,7,B,3,1,11,15,
1001410,P00232742,M,51-55,7,B,3,1,8,,
1001414,P00048142,M,18-25,4,C,4+,0,1,16,
1001418,P00255942,M,18-25,4,A,1,1,1,16,
1001418,P00016342,M,18-25,4,A,1,1,1,2,8
1001420,P00131042,M,18-25,4,C,3,0,8,,
1001421,P00000242,F,0-17,10,A,1,0,2,4,9
1001421,P00111742,F,0-17,10,A,1,0,15,,
1001422,P00355142,M,36-45,17,B,3,0,1,15,
1001422,P00090942,M,36-45,17,B,3,0,1,2,14
1001422,P00230342,M,36-45,17,B,3,0,5,14,
1001425,P00246142,M,0-17,10,B,1,0,1,15,17
1001425,P00132242,M,0-17,10,B,1,0,5,,
1001426,P00133442,M,18-25,14,B,3,0,1,16,
1001437,P00125542,M,51-55,3,C,4+,0,6,16,
1001437,P00339442,M,51-55,3,C,4+,0,16,,
1001440,P00293242,M,36-45,12,C,1,0,8,16,
1001441,P00274142,M,36-45,16,C,3,1,1,,
1001443,P00304242,M,36-45,2,C,0,1,1,6,
1001444,P00338542,F,26-35,4,B,1,0,1,,
1001447,P00150842,M,18-25,4,A,0,0,11,13,16
1001447,P00058242,M,18-25,4,A,0,0,3,4,12
1001447,P00144042,M,18-25,4,A,0,0,2,3,4
1001447,P00157642,M,18-25,4,A,0,0,1,14,16
1001447,P00122542,M,18-25,4,A,0,0,11,,
1001448,P00206342,F,26-35,3,A,1,0,5,8,
1001448,P00338042,F,26-35,3,A,1,0,5,,
1001448,P00232342,F,26-35,3,A,1,0,11,,
1001449,P00034842,M,36-45,20,A,1,1,5,14,
1001449,P00082342,M,36-45,20,A,1,1,15,16,
1001449,P00021142,M,36-45,20,A,1,1,5,,
1001449,P00267342,M,36-45,20,A,1,1,1,2,5
1001449,P00350042,M,36-45,20,A,1,1,6,8,
1001450,P00317942,M,18-25,4,B,2,1,8,16,
1001451,P00120342,M,36-45,20,B,0,0,5,17,
1001451,P00183542,M,36-45,20,B,0,0,4,5,
1001451,P00129142,M,36-45,20,B,0,0,1,11,
1001457,P00148642,M,26-35,1,B,1,1,6,10,13
1001457,P00109542,M,26-35,1,B,1,1,8,14,17
1001457,P00232442,M,26-35,1,B,1,1,5,,
1001463,P00361842,M,51-55,16,C,4+,1,15,16,
1001464,P00295742,M,36-45,12,C,3,1,8,,
1001465,P00021242,M,51-55,16,B,4+,1,8,16,
1001465,P00326542,M,51-55,16,B,4+,1,5,,
1001465,P00233042,M,51-55,16,B,4+,1,1,8,
1001466,P00303842,M,18-25,4,C,3,1,5,8,14
1001470,P00247042,M,18-25,4,A,1,1,5,14,
1001470,P00044642,M,18-25,4,A,1,1,1,,
1001470,P00115242,M,18-25,4,A,1,1,5,8,
1001471,P00350642,M,26-35,17,B,1,0,8,,
1001481,P00085442,M,36-45,17,C,4+,0,12,14,
1001483,P00086442,M,18-25,4,B,1,0,8,13,15
1001489,P00101842,F,36-45,2,A,2,1,6,16,
1001490,P00127942,M,51-55,7,B,4+,1,1,2,5
1001491,P00302042,M,18-25,4,B,1,0,5,,
1001496,P00020342,M,26-35,17,A,2,0,1,2,
1001496,P00001942,M,26-35,17,A,2,0,5,,
1001496,P00071442,M,26-35,17,A,2,0,15,17,
1001496,P00105142,M,26-35,17,A,2,0,1,2,15
1001497,P00006942,M,51-55,5,C,1,1,1,5,6
1001498,P00201442,M,18-25,4,A,2,0,1,6,8
1001505,P00365242,M,51-55,11,C,3,1,5,8,
1001505,P00317842,M,51-55,11,C,3,1,8,,
1001507,P00327842,M,36-45,17,C,0,0,8,16,
1001509,P00283942,M,0-17,0,B,3,0,5,,
1001512,P00117042,M,26-35,20,C,4+,0,1,2,5
1001513,P00046742,F,36-45,16,C,4+,1,1,2,15
1001514,P00295942,M,18-25,4,B,4+,1,2,5,15
1001516,P00001142,F,26-35,12,B,1,0,5,8,14
1001516,P00340642,F,26-35,12,B,1,0,5,,
1001521,P00150942,F,26-35,7,C,2,1,6,11,13
1001530,P00199442,M,26-35,4,A,1,1,5,9,
1001540,P00329542,M,46-50,0,A,4+,1,1,15,16
1001542,P00280842,M,18-25,17,C,4+,0,1,8,
1001543,P00271942,M,26-35,11,C,2,0,5,8,
1001545,P00329542,M,26-35,20,A,1,0,1,15,16
1001545,P00118142,M,26-35,20,A,1,0,8,17,
1001551,P00188442,M,26-35,11,B,1,1,5,7,
1001551,P00129642,M,26-35,11,B,1,1,5,,
1001552,P00109242,M,46-50,20,B,1,1,6,8,10
1001552,P00121142,M,46-50,20,B,1,1,8,,
1001552,P00086142,M,46-50,20,B,1,1,5,,
1001553,P00027142,F,26-35,15,C,0,0,8,,
1001554,P00126142,F,36-45,12,C,3,1,8,16,
1001556,P00223142,M,18-25,4,A,3,1,5,,
1001562,P00155442,M,18-25,20,C,1,1,1,11,15
1001563,P00255842,F,0-17,10,B,0,0,16,,
1001564,P00241542,M,51-55,1,C,1,1,1,6,
1001566,P00332242,M,36-45,16,C,3,0,1,16,
1001571,P00147942,M,26-35,20,B,1,1,1,16,
1001574,P00074142,M,26-35,6,C,1,1,3,4,12
1001579,P00216142,M,26-35,0,A,0,0,1,16,
1001579,P00112942,M,26-35,0,A,0,0,1,16,
1001579,P00228642,M,26-35,0,A,0,0,5,18,
1001584,P00244042,M,26-35,19,B,4+,0,1,2,15
1001585,P00207942,M,55+,20,C,1,1,6,8,
1001587,P00299142,F,26-35,3,B,3,0,5,,
1001587,P00347142,F,26-35,3,B,3,0,5,,
1001587,P00075942,F,26-35,3,B,3,0,5,14,
1001589,P00367142,M,26-35,0,B,1,0,11,,
1001591,P00112442,M,51-55,7,C,1,1,6,8,
1001591,P00221442,M,51-55,7,C,1,1,1,2,5
1001592,P00329442,M,36-45,7,B,4+,1,5,8,
1001593,P00295742,M,26-35,16,C,1,1,8,,
1001593,P00184942,M,26-35,16,C,1,1,1,8,17
1001594,P00119742,F,36-45,20,B,1,0,5,8,12
1001595,P00181542,M,36-45,1,C,3,0,11,16,
1001596,P00249542,F,18-25,5,B,2,0,1,5,15
1001597,P00016042,M,26-35,12,B,1,1,1,16,
1001597,P00183242,M,26-35,12,B,1,1,5,15,
1001599,P00270842,M,26-35,0,A,1,0,5,,
1001601,P00238442,M,26-35,12,C,2,0,6,,
1001602,P00249642,F,26-35,7,C,2,1,3,5,
1001602,P00008542,F,26-35,7,C,2,1,2,8,
1001605,P00189142,F,18-25,0,B,1,0,8,,
1001605,P00226142,F,18-25,0,B,1,0,8,9,
1001605,P00002042,F,18-25,0,B,1,0,1,,
1001605,P00122542,F,18-25,0,B,1,0,11,,
1001605,P00239742,F,18-25,0,B,1,0,8,14,15
1001606,P00170342,F,36-45,3,A,4+,0,1,15,
1001607,P00311542,M,46-50,1,A,2,1,5,,
1001608,P00204442,M,26-35,11,B,1,1,8,,
1001608,P00220442,M,26-35,11,B,1,1,5,14,
1001611,P00256842,M,26-35,0,B,1,0,5,,
1001611,P00000142,M,26-35,0,B,1,0,3,4,5
1001611,P0096942,M,26-35,0,B,1,0,3,4,
1001611,P00194642,M,26-35,0,B,1,0,1,6,13
1001611,P00182642,M,26-35,0,B,1,0,2,4,9
1001613,P00000142,M,18-25,20,A,1,0,3,4,5
1001613,P00002742,M,18-25,20,A,1,0,8,,
1001613,P00244042,M,18-25,20,A,1,0,1,2,15
1001616,P00113142,M,26-35,0,C,0,1,1,5,12
1001616,P00278642,M,26-35,0,C,0,1,5,,
1001617,P00329542,M,26-35,12,C,3,0,1,15,16
1001619,P00351142,M,51-55,3,C,1,1,1,8,17
1001625,P00052842,M,46-50,0,C,0,1,10,15,
1001629,P00113242,M,18-25,4,B,1,1,1,6,8
1001630,P0097342,M,46-50,17,C,1,0,1,15,16
1001631,P00218742,F,51-55,0,C,4+,0,5,,
1001632,P00288942,M,26-35,16,B,1,0,1,2,5
1001632,P00241242,M,26-35,16,B,1,0,1,11,15
1001632,P00022942,M,26-35,16,B,1,0,5,8,
1001632,P00289542,M,26-35,16,B,1,0,8,,
1001635,P00195742,M,26-35,0,B,1,0,3,4,
1001635,P00054042,M,26-35,0,B,1,0,18,,
1001635,P00220942,M,26-35,0,B,1,0,18,,
1001635,P00239642,M,26-35,0,B,1,0,5,,
1001640,P00247542,M,36-45,17,C,1,0,8,16,
1001641,P00117442,M,26-35,0,C,4+,0,5,14,
1001643,P00200242,M,46-50,2,C,4+,0,8,10,16
1001645,P00122542,F,18-25,9,B,1,1,11,,
1001645,P00342842,F,18-25,9,B,1,1,5,,
1001647,P0099742,M,18-25,18,B,0,0,3,4,5
1001647,P00316842,M,18-25,18,B,0,0,4,5,
1001647,P00309342,M,18-25,18,B,0,0,16,,
1001648,P00071442,M,51-55,14,B,3,1,15,17,
1001655,P00255842,M,18-25,4,C,2,1,16,,
1001659,P00179342,F,18-25,9,C,4+,1,11,,
1001666,P00212842,M,26-35,14,B,3,0,8,16,
1001666,P00128942,M,26-35,14,B,3,0,1,11,
1001667,P00020542,M,51-55,16,B,4+,0,18,,
1001675,P00244142,F,26-35,6,B,1,1,1,2,15
1001675,P00266642,F,26-35,6,B,1,1,1,8,9
1001676,P00227842,M,18-25,4,B,4+,0,2,5,
1001676,P00189742,M,18-25,4,B,4+,0,2,4,
1001676,P00223242,M,18-25,4,B,4+,0,5,14,
1001680,P00116442,M,26-35,20,A,3,1,5,11,
1001680,P00286642,M,26-35,20,A,3,1,11,14,
1001680,P00086242,M,26-35,20,A,3,1,10,,
1001680,P00150142,M,26-35,20,A,3,1,8,,
1001680,P00117342,M,26-35,20,A,3,1,1,8,13
1001680,P00219842,M,26-35,20,A,3,1,5,,
1001680,P00127442,M,26-35,20,A,3,1,1,2,15
1001680,P00321742,M,26-35,20,A,3,1,5,8,17
1001680,P00150542,M,26-35,20,A,3,1,5,,
1001680,P00259542,M,26-35,20,A,3,1,5,,
1001683,P00192042,F,26-35,7,C,3,0,5,9,14
1001683,P00359342,F,26-35,7,C,3,0,11,,
1001685,P00118542,M,36-45,12,B,1,0,5,8,
1001685,P00085242,M,36-45,12,B,1,0,8,14,17
1001685,P00319042,M,36-45,12,B,1,0,5,,
1001685,P00227742,M,36-45,12,B,1,0,5,14,
1001685,P00163842,M,36-45,12,B,1,0,8,,
1001685,P00241542,M,36-45,12,B,1,0,1,6,
1001694,P00031842,M,26-35,12,B,3,1,1,5,12
1001697,P00182142,F,18-25,4,B,3,0,1,5,6
1001697,P00270842,F,18-25,4,B,3,0,5,,
1001701,P00184942,F,26-35,4,B,1,0,1,8,17
1001706,P00100442,M,26-35,20,B,1,1,2,4,5
1001707,P00025942,M,51-55,1,C,0,1,8,14,
1001712,P00026242,M,26-35,0,B,4+,0,8,,
1001712,P0097742,M,26-35,0,B,4+,0,8,,
1001712,P00295842,M,26-35,0,B,4+,0,5,8,
1001716,P00144042,M,26-35,0,B,0,0,2,3,4
1001717,P00312742,F,51-55,6,B,1,0,15,,
1001717,P00035842,F,51-55,6,B,1,0,5,6,9
1001721,P00047342,M,18-25,19,C,3,0,5,,
1001721,P00023342,M,18-25,19,C,3,0,3,4,5
1001721,P00197242,M,18-25,19,C,3,0,4,5,
1001722,P00345342,M,36-45,0,C,4+,0,5,11,
1001723,P00110942,M,36-45,17,C,0,1,1,2,
1001726,P00218142,M,26-35,2,B,1,1,1,2,
1001727,P0095542,M,36-45,16,B,2,1,2,4,9
1001727,P00167842,M,36-45,16,B,2,1,5,,
1001728,P00191642,M,18-25,4,C,2,0,3,4,12
1001730,P00294542,F,18-25,4,C,1,0,8,,
1001733,P00293542,M,18-25,14,B,0,1,8,,
1001733,P00119242,M,18-25,14,B,0,1,18,,
1001733,P00242042,M,18-25,14,B,0,1,8,14,
1001733,P00189242,M,18-25,14,B,0,1,5,,
1001733,P00117542,M,18-25,14,B,0,1,18,,
1001734,P00271242,M,46-50,17,B,2,1,8,14,
1001737,P00251942,M,36-45,20,B,3,0,1,2,5
1001737,P00059742,M,36-45,20,B,3,0,1,11,15
1001740,P00278642,M,55+,1,C,2,0,5,,
1001741,P00178942,M,36-45,7,A,4+,1,5,8,
1001741,P00323942,M,36-45,7,A,4+,1,8,15,
1001741,P00174542,M,36-45,7,A,4+,1,11,15,
1001741,P00324242,M,36-45,7,A,4+,1,15,16,
1001741,P00187342,M,36-45,7,A,4+,1,4,5,15
1001741,P00000642,M,36-45,7,A,4+,1,1,6,16
1001741,P00066242,M,36-45,7,A,4+,1,1,2,5
1001741,P00286842,M,36-45,7,A,4+,1,5,8,
1001744,P00356742,M,36-45,12,C,2,0,5,,
1001746,P00151342,M,26-35,4,C,1,1,7,,
1001748,P00116142,M,51-55,1,A,1,1,10,13,16
1001748,P00120242,M,51-55,1,A,1,1,8,,
1001749,P00030042,M,26-35,2,B,1,1,8,,
1001752,P00255842,M,26-35,3,B,1,0,16,,
1001752,P00085942,M,26-35,3,B,1,0,2,4,8
1001752,P00364842,M,26-35,3,B,1,0,5,16,
1001753,P00030742,M,36-45,6,B,3,0,1,,
1001755,P00278642,F,18-25,4,B,4+,0,5,,
1001757,P00074642,M,26-35,4,B,4+,0,5,9,14
1001757,P00127642,M,26-35,4,B,4+,0,1,2,15
1001757,P00049142,M,26-35,4,B,4+,0,1,15,
1001758,P00111842,F,26-35,0,B,1,0,8,,
1001760,P00146742,F,26-35,3,C,1,1,1,13,14
1001764,P00161142,M,18-25,0,B,1,0,11,,
1001764,P00345142,M,18-25,0,B,1,0,5,11,
1001764,P00079742,M,18-25,0,B,1,0,1,2,15
1001764,P00196442,M,18-25,0,B,1,0,5,,
1001764,P00145842,M,18-25,0,B,1,0,4,5,
1001766,P00046742,F,46-50,0,C,0,1,1,2,15
1001767,P00193642,M,26-35,20,C,1,0,2,3,4
1001768,P00285542,M,46-50,16,C,1,1,8,,
1001772,P00214442,M,55+,2,C,1,0,8,,
1001776,P00244042,M,26-35,0,B,4+,1,1,2,15
1001776,P00346242,M,26-35,0,B,4+,1,1,15,
1001776,P00016542,M,26-35,0,B,4+,1,1,6,16
1001776,P00315842,M,26-35,0,B,4+,1,5,,
1001776,P00214642,M,26-35,0,B,4+,1,11,13,16
1001778,P00130442,M,18-25,4,B,1,0,3,5,
1001778,P00126242,M,18-25,4,B,1,0,2,4,5
1001780,P00326742,M,36-45,1,B,0,0,11,,
1001780,P0096142,M,36-45,1,B,0,0,3,4,
1001780,P00193542,M,36-45,1,B,0,0,1,2,
1001785,P00363442,M,18-25,4,B,2,0,1,,
1001789,P00251442,M,0-17,10,C,2,0,5,,
1001793,P00136842,M,26-35,4,B,1,0,1,8,16
1001793,P00016442,M,26-35,4,B,1,0,2,4,8
1001794,P00148042,M,26-35,11,B,1,0,8,,
1001796,P00324942,M,51-55,11,C,2,1,5,,
1001796,P00121642,M,51-55,11,C,2,1,5,14,
1001796,P00168642,M,51-55,11,C,2,1,7,,
1001797,P00195242,M,36-45,7,C,2,0,8,,
1001797,P00282442,M,36-45,7,C,2,0,5,8,18
1001798,P00184442,M,46-50,11,C,2,1,1,6,8
1001809,P00235242,F,26-35,14,C,0,1,8,,
1001812,P00243942,F,26-35,12,A,4+,1,1,2,15
1001812,P00345742,F,26-35,12,A,4+,1,1,2,15
1001820,P00112642,M,26-35,20,B,1,1,1,2,5
1001820,P00113342,M,26-35,20,B,1,1,1,8,17
1001825,P00032842,M,26-35,7,C,4+,1,8,,
1001825,P00004742,M,26-35,7,C,4+,1,6,16,
1001827,P00265242,F,26-35,1,C,3,0,5,8,
1001833,P00289042,M,18-25,17,B,2,0,8,,
1001833,P00145942,M,18-25,17,B,2,0,6,8,13
1001834,P00112642,M,36-45,5,C,4+,0,1,2,5
1001835,P00217942,M,26-35,19,B,3,0,5,,
1001835,P00207342,M,26-35,19,B,3,0,5,8,14
1001835,P00344042,M,26-35,19,B,3,0,18,,
1001835,P00195842,M,26-35,19,B,3,0,3,4,8
1001836,P00313042,M,26-35,0,A,4+,0,5,14,
1001836,P00152442,M,26-35,0,A,4+,0,8,,
1001837,P00199442,M,26-35,2,B,1,0,5,9,
1001837,P00185442,M,26-35,2,B,1,0,15,,
1001837,P00054242,M,26-35,2,B,1,0,1,6,14
1001839,P00321942,M,18-25,4,C,1,0,5,,
1001842,P00033342,M,18-25,4,B,1,0,5,14,
1001842,P00134242,M,18-25,4,B,1,0,6,,
1001842,P00150942,M,18-25,4,B,1,0,6,11,13
1001845,P00001442,M,26-35,2,B,3,1,8,,
1001851,P00200842,M,26-35,19,B,4+,1,8,,
1001851,P00028842,M,26-35,19,B,4+,1,6,8,
1001851,P00349942,M,26-35,19,B,4+,1,1,5,
1001851,P00341942,M,26-35,19,B,4+,1,11,15,16
1001851,P00277542,M,26-35,19,B,4+,1,1,6,15
1001851,P00227942,M,26-35,19,B,4+,1,2,5,
1001852,P00145442,M,26-35,12,B,1,0,8,15,
1001854,P00221842,M,26-35,0,C,2,0,1,8,
1001855,P00262242,M,18-25,4,C,4+,0,1,11,16
1001855,P00127942,M,18-25,4,C,4+,0,1,2,5
1001858,P00100442,F,18-25,4,B,0,0,2,4,5
1001859,P00112142,F,26-35,4,C,1,1,1,2,14
1001860,P00111142,M,55+,16,C,1,0,1,15,16
1001865,P00363442,F,18-25,1,B,2,0,1,,
1001866,P00051442,M,26-35,7,A,4+,1,8,17,
1001874,P00121242,M,46-50,7,B,3,1,2,,
1001875,P00114042,M,36-45,12,A,2,0,5,14,
1001875,P00299142,M,36-45,12,A,2,0,5,,
1001880,P00127242,M,36-45,0,B,3,1,1,16,
1001880,P00057542,M,36-45,0,B,3,1,3,4,5
1001880,P00274842,M,36-45,0,B,3,1,1,6,16
1001880,P00105942,M,36-45,0,B,3,1,5,,
1001881,P00148342,M,36-45,2,A,4+,1,5,,
1001883,P00150342,F,51-55,0,B,1,1,8,14,
1001883,P00054342,F,51-55,0,B,1,1,7,,
1001884,P00105142,M,46-50,20,B,1,1,1,2,15
1001884,P00084042,M,46-50,20,B,1,1,12,14,
1001887,P00111142,M,55+,15,C,3,1,1,15,16
1001889,P00329442,M,18-25,14,B,2,0,5,8,
1001889,P00313342,M,18-25,14,B,2,0,5,,
1001889,P00275842,M,18-25,14,B,2,0,2,9,15
1001889,P00288942,M,18-25,14,B,2,0,1,2,5
1001889,P00136742,M,18-25,14,B,2,0,1,14,16
1001896,P00052842,M,55+,13,C,4+,1,10,15,
1001896,P00276342,M,55+,13,C,4+,1,5,,
1001897,P00213242,F,51-55,2,A,1,1,5,8,
1001897,P00366942,F,51-55,2,A,1,1,8,,
1001899,P00127642,F,46-50,6,A,1,1,1,2,15
1001899,P00118242,F,46-50,6,A,1,1,5,8,
1001903,P00110842,M,36-45,0,B,1,0,1,2,5
1001904,P00303242,M,18-25,1,B,4+,0,5,8,
1001908,P0009842,M,55+,13,C,3,1,8,16,
1001908,P00220442,M,55+,13,C,3,1,5,14,
1001908,P00236642,M,55+,13,C,3,1,6,16,
